INSERT INTO `genres` (`id`, `name`) VALUES
(1, 'Drama'),
(2, 'Kids'),
(3, 'TV Show');


INSERT INTO `movies` (`id`, `genres_id`, `title`, `photo`, `description`, `rating`) VALUES
(1, 1, 'Irreplaceable You', 'images\\Irreplaceableyou.jpg', 'When Abbie is diagnosed with cancer, she embarks on a humorous mission to find a new love for Sam, her fiancé and best friend since childhood.', 5),
(2, 1, 'Stranger Things', 'images\\StrangerThings.jpg', 'It\'s the fall of 1984, about a year after Will Byers was found, and he has been plagued by seeing visions of the Upside Down featuring a more dangerous monster. That leads the boy to see a suspiciously friendly new doctor, with the possibility that Will\'s visions are the result of suffering from PTSD. Nancy deals with survivor\'s remorse over the death of best friend Barb. Meanwhile, a new sinister entity threatens the Hawkins residents who survived the year-earlier events. New to the town is tomboy Max, who befriends the boys and attracts the romantic interests of Dustin and Lucas.', 5),
(3, 1, 'Meteor Garden', 'images\\MeteroGarden.jpg', 'Dong Shancai is determined to excel at her dream university, where she encounters an elite clique of dashing, popular high-achievers -- and finds love.', 4),
(4, 1, 'El Chapo', 'images/ElChapo.jpg', 'Joaquin \"El Chapo\" Guzmán is notorious for being one of the biggest drug kingpins in history, but he obviously didn\'t start out at the top. This crime drama tracks El Chapo\'s life in crime, from his lowly beginnings in the Guadalajara Cartel in the 1980s through his rise to power -- and eventual fall -- as the leader of the Sinaloa Cartel. Along the way, he battles enemies and people who try to stop him from building his empire.', 4),
(5, 2, 'Family Guy', 'images\\FamilyGuy.jpg', 'Peter Griffin and his family of two teenagers, a smart dog, a devilish baby and his wife find themselves in some of the most hilarious scenarios.', 5),
(7, 2, 'Happy Tree Friends', 'images\\HappyTreeFriends.jpg', 'Woodland creatures have graphic and violent adventures.', 5),
(8, 2, 'Minons', 'images/Minions.jpg', 'Minions Stuart, Kevin, and Bob are recruited by Scarlet Overkill, a supervillain who, alongside her inventor husband Herb, hatches a plot to take over the world. ', 4),
(9, 2, 'Alice in Wonderland', 'images/AliceInWonderland.webp', 'Alice, now 19 years old, follows a rabbit in a blue coat to a magical wonderland from her dreams where she is reunited with her friends who make her realise her true destiny.', 5),
(10, 3, 'Mata Najwa', 'images/MataNajwa.jpg', 'Membuka mata masyarakat terhadap pemerintahan masyarakat, nilai sendiri baik buruknya. ', 4),
(11, 3, 'Planet Earth II  ', 'images/PlanetEarthII.jpg', 'From the frozen tundra in the north to the dry forests of the equator, Sir David Attenborough narrates a compelling view of the planet. \"Planet Earth\" was the first natural history documentary to be filmed in high definition, and now a decade later improved technology has made it possible to capture further details, from elusive animal behaviors to previously inaccessible remote landscapes. In addition to exploring the wilderness, the series examines urban dwellings, focusing on animals that have adapted to city life.', 3),
(12, 3, 'Breaking Bad', 'images/BreakingBad.jpg', 'Walter White, a chemistry teacher, discovers that he has cancer and decides to get into the meth-making business to repay his medical debts. His priorities begin to change when he partners with Jesse.', 4),
(13, 3, 'Cosmos', 'images/Cosmos.jpg', 'Cosmos: A Spacetime Odyssey is a 2014 American science documentary television series. The show is a follow-up to the 1980 television series Cosmos: A Personal Voyage, which was presented by Carl Sagan on the Public Broadcasting Service and is considered a milestone for scientific documentaries.', 5);


INSERT INTO `episodes` (`id`, `movies_id`, `episode`, `title`) VALUES
(1, 7, 'Episode 1', 'Kebahagiaan yang sejahtera'),
(2, 7, 'Episode 2', 'Akankah dia bersenang-senang?'),
(3, 7, 'Episode 3', 'Teman'),
(4, 7, 'Episode 4', 'Mengapa begitu?'),
(5, 7, 'Episode 5', 'Kurcaci Kecil'),
(6, 7, 'Episode 6', 'Kebaikan Cindy'),
(7, 7, 'Episode 7', 'Diputuskan'),
(8, 7, 'Episode 8', 'Berlarilah sebelum telat'),
(9, 7, 'Episode 10', 'Tetap ada walau hilang'),
(10, 1, 'Episode 1', 'It was a really good Monday '),
(11, 1, 'Episode 2', 'I was very proud of my nickname '),
(12, 1, 'Episode 3', 'Throughout high school but today'),
(13, 1, 'Episode 4', 'Couldn’t be any different'),
(14, 1, 'Episode 5', 'She saw the brake lights'),
(15, 2, 'Chapter One', 'The Vanishing of Will Byers'),
(16, 2, 'Chapter Two', 'The Weirdo on Maple Street'),
(17, 2, 'Chapter Three', 'Holly, Jolly'),
(18, 2, 'Chapter Four', 'The Body'),
(19, 2, 'Chapter Five', 'The Flea and the Acrobat'),
(20, 2, 'Chapter Six', 'The Monster'),
(21, 2, 'Chapter Seven', 'The Bathtub'),
(22, 2, 'Chapter Eight', 'The Upside Down'),
(23, 3, 'Episode 1', 'The light in his life was actually a fire '),
(24, 3, 'Episode 2', 'It was the best sandcastle'),
(25, 3, 'Episode 3', 'The fact that there\'s a stairway to heaven'),
(26, 3, 'Episode 4', 'I want more detailed information'),
(27, 3, 'Episode 4', 'She always had an interesting perspective'),
(28, 3, 'Episode 5', 'I think I will buy the red car'),
(29, 4, 'Episode 1', 'Yeah, I think it\'s a good environment'),
(30, 4, 'Episode 2', 'Cartel Life'),
(31, 4, 'Episode 3', 'I was very proud'),
(32, 4, 'Episode 4', 'Final end'),
(33, 5, 'Episode 1', 'She was the type of girl'),
(34, 5, 'Episode 2', 'Art doesn\'t'),
(35, 5, 'Episode 3', 'The newly planted trees '),
(36, 5, 'Episode 4', 'He decided water-skiing '),
(37, 5, 'Episode 5', 'She folded her handkerchief neatly.'),
(38, 8, 'Episode 1', 'The toy brought back'),
(39, 8, 'Episode 2', 'After fighting off the alligator'),
(40, 8, 'Episode 3', 'Be careful with that butter knife'),
(41, 8, 'Episode 4', 'The tart lemonade quenched her thirst'),
(42, 8, 'Episode 5', 'Tomorrow will bring something new'),
(43, 9, 'Episode 1', 'On a scale from one to ten'),
(44, 9, 'Episode 2', 'He watched the dancing piglets'),
(45, 9, 'Episode 3', 'He embraced his new life as an eggplant'),
(46, 9, 'Episode 4', 'We have young kids '),
(47, 9, 'Episode 5', 'The newly planted trees'),
(48, 9, 'Episode 6', 'He was 100%'),
(49, 10, 'Episode 1', 'Akankah Ia?'),
(50, 10, 'Episode 2', 'Terulang lagi'),
(51, 10, 'Episode 3', 'Bapak DPR, sudah selesai kerjanya?'),
(52, 10, 'Episode 4', 'Penjara-penjaraan'),
(53, 10, 'Episode 5', 'Penjara kok mewah?'),
(54, 10, 'Episode 6', 'Sudah puas dengan uangnya?'),
(55, 10, 'Episode 7', 'Kurcaci negri ini'),
(56, 10, 'Episode 8', 'Cinta buta uang negara'),
(57, 11, 'Episode 1', 'People generally approve'),
(58, 11, 'Episode 2', 'She cried diamonds.'),
(59, 11, 'Episode 3', 'Someone I know '),
(60, 11, 'Episode 4', 'The pigs'),
(61, 12, 'Episode 1', 'Before he moved to the inner city'),
(62, 12, 'Episode 2', 'She folded her handkerchief neatly'),
(63, 12, 'Episode 3', 'Seek success'),
(64, 12, 'Episode 4', 'They got there early'),
(65, 12, 'Episode 5', 'He decided water-skiing '),
(66, 13, 'Episode 1', 'Her scream silenced'),
(67, 13, 'Episode 2', 'I think I will'),
(68, 13, 'Episode 3', 'The busker hoped'),
(69, 13, 'Episode 4', 'Courage and stupidity were all he had'),
(70, 13, 'Episode 5', 'He found a leprechaun'),
(71, 13, 'Episode 6', 'The truth'),
(72, 13, 'Episode 7', 'The fifty mannequin heads');